event_id,game_pk,date,home,away,source_start_at_entry,official_start,recorded_first_pitch_at,entry_observed_at,odds_a,odds_b,market_p,y,official_status,p_physical,p_pinnacle,physical_block,feature_sha256,feature_cutoff_date,pinnacle_close_a,pinnacle_close_b,pinnacle_close_at,fanduel_close_a,fanduel_close_b,fanduel_close_at
mlb:822854,822854,2026-09-01,Texas Rangers,Athletics,2026-09-02T00:06:00+00:00,2026-09-02T00:05:00+00:00,2026-09-02T00:09:26.695000+00:00,2026-09-01T23:28:34.288391+00:00,1.4761904761904763,2.76,0.6515287769784172,1.0,Final,0.655435494885091,0.6670766359896517,,c598ec143b546c1db5dff5730b87e217e66279dc2ea8e09ee3a61daeac6cdf5a,2026-08-31,1.4739336492890995,2.91,2026-09-02T00:03:15.573276+00:00,1.4761904761904763,2.76,2026-09-02T00:03:15.573276+00:00
mlb:823908,823908,2026-09-01,Los Angeles Dodgers,St. Louis Cardinals,2026-09-02T02:11:00+00:00,2026-09-02T02:10:00+00:00,2026-09-02T02:11:41.362000+00:00,2026-09-01T23:28:34.288391+00:00,1.510204081632653,2.6399999999999997,0.6361132966168371,0.0,Final,0.6403505467340284,0.6371479319969551,,dfc3412cdfb7e57531b2bb0f358d55e2ccd322e48282ac6e2bc0e15f8d05d521,2026-08-31,,,,,,
mlb:823984,823984,2026-09-01,Los Angeles Angels,New York Yankees,2026-09-02T01:39:00+00:00,2026-09-02T01:38:00+00:00,2026-09-02T01:39:30.239000+00:00,2026-09-01T23:28:34.288391+00:00,2.58,1.5319148936170213,0.3725551071095933,0.0,Final,0.3675940557218825,0.3814376398721972,,2c859421992234d421c96c45101e5269365b9189562390e8f14b68481a0b44f5,2026-08-31,2.56,1.5847953216374269,2026-09-02T01:36:36.368917+00:00,2.62,1.5154639175257731,2026-09-02T01:36:36.368917+00:00
mlb:824148,824148,2026-09-01,Houston Astros,Chicago White Sox,2026-09-02T00:11:00+00:00,2026-09-02T00:10:00+00:00,2026-09-02T00:11:28.503000+00:00,2026-09-01T23:28:34.288391+00:00,1.9615384615384617,1.8928571428571428,0.4910905203136137,0.0,Final,0.4969307359776894,0.49528568734678485,,2f7009cb389c476c1ff2680b3c3a7869f76c57b328bbbc9e551684cf0e146f9d,2026-08-31,,,,,,
mlb:824313,824313,2026-09-01,Colorado Rockies,Baltimore Orioles,2026-09-02T00:41:00+00:00,2026-09-02T00:40:00+00:00,2026-09-02T00:40:36.639000+00:00,2026-09-01T23:28:34.288391+00:00,2.24,1.6849315068493151,0.4292894038810554,1.0,Final,0.42731917463598573,0.4238396734864737,,b10c972825919bae75cc48fbe62dbaaef17d03c5aa98b51f379cc08007111b48,2026-08-31,2.3899999999999997,1.6622516556291391,2026-09-02T00:38:53.374196+00:00,2.3200000000000003,1.641025641025641,2026-09-02T00:38:53.374196+00:00
mlb:825038,825038,2026-09-01,Arizona Diamondbacks,Philadelphia Phillies,2026-09-02T01:41:00+00:00,2026-09-02T01:40:00+00:00,2026-09-02T01:41:16.415000+00:00,2026-09-01T23:28:34.288391+00:00,2.1399999999999997,1.7462686567164178,0.44934326753206855,0.0,Final,0.4464523424539254,0.460714730419624,,1b2ed9bb28e02c5f1671abdc0dcccf5ac3b8eba20d7064fc632a221484a09e98,2026-08-31,2.13,1.819672131147541,2026-09-02T01:38:36.364362+00:00,2.1399999999999997,1.7462686567164178,2026-09-02T01:38:36.364362+00:00
mlb:822686,822686,2026-09-02,Washington Nationals,Atlanta Braves,2026-09-02T17:06:00+00:00,2026-09-02T17:05:00+00:00,2026-09-02T17:06:02.590000+00:00,2026-09-02T12:22:36.323577+00:00,2.3,1.6493506493506493,0.41762578099309444,0.0,Final,0.4205621542565078,0.40211108318673033,,60ba21e8091e436fcc3ca7206df5e0cd79d21d4d1f95651bbfffc840dd985268,2026-09-01,,,,,,
mlb:822851,822851,2026-09-02,Texas Rangers,Athletics,2026-09-02T18:36:00+00:00,2026-09-02T18:35:00+00:00,2026-09-02T18:38:36.480000+00:00,2026-09-02T13:25:32.106101+00:00,1.617283950617284,2.3600000000000003,0.593369754159424,0.0,Final,0.5969527321954328,0.5920670751370526,,4fe7124590df699fe2d6d00174454d1d8e02f79b2cf2261d39741ac1cc0bac71,2026-09-01,1.6369426751592355,2.44,2026-09-02T18:09:48.908218+00:00,1.617283950617284,2.3600000000000003,2026-09-02T18:09:48.908218+00:00
mlb:822931,822931,2026-09-02,Tampa Bay Rays,New York Mets,2026-09-02T22:41:00+00:00,2026-09-02T22:40:00+00:00,2026-09-02T22:40:24.592000+00:00,2026-09-02T17:38:02.254073+00:00,1.5617977528089888,2.5,0.6154910096818811,0.0,Final,0.6188333155999884,0.620485444991242,,675fe00d394ccdef44dcac6387b6b9015d27b32846b2bacc9a3cbfd6aaf73cc4,2026-09-01,1.5649717514124295,2.62,2026-09-02T22:38:32.128144+00:00,1.5434782608695652,2.54,2026-09-02T22:38:32.128144+00:00
mlb:823339,823339,2026-09-02,Pittsburgh Pirates,San Francisco Giants,2026-09-02T22:41:00+00:00,2026-09-02T22:40:00+00:00,2026-09-02T22:43:59.703000+00:00,2026-09-02T17:38:02.254073+00:00,1.6578947368421053,2.2800000000000002,0.578989574979952,0.0,Final,0.581088403502391,0.5806948485367106,,0e726a46f23f2df23f838bf02b61013662cd8cadc453fa66ef84e04832168bd2,2026-09-01,1.6622516556291391,2.3899999999999997,2026-09-02T22:38:32.128144+00:00,1.6578947368421053,2.2800000000000002,2026-09-02T22:38:32.128144+00:00
mlb:823660,823660,2026-09-02,Minnesota Twins,Detroit Tigers,2026-09-02T23:41:00+00:00,2026-09-02T23:40:00+00:00,2026-09-02T23:42:05.857000+00:00,2026-09-02T19:17:02.908267+00:00,1.8928571428571428,1.9615384615384617,0.5089094796863863,0.0,Final,0.5143144482503392,0.5094339622641509,,5d8b6d42da89f0972f32f56524aa39e4ec77ca195199be648860a69dcaff1103,2026-09-01,1.8695652173913042,2.06,2026-09-02T23:38:20.146735+00:00,1.8333333333333335,2.02,2026-09-02T23:38:20.146735+00:00
mlb:823906,823906,2026-09-02,Los Angeles Dodgers,St. Louis Cardinals,2026-09-03T02:11:00+00:00,2026-09-03T02:10:00+00:00,2026-09-03T02:10:47.265000+00:00,2026-09-02T21:22:51.431309+00:00,1.4,3.05,0.6853932584269663,0.0,Final,0.6889813610202318,0.6944198405668733,,dc4df805692414f4eb9dfb21be504a75305284bbfc4c2d7195fac0774716cae7,2026-09-01,,,,,,
mlb:823983,823983,2026-09-02,Los Angeles Angels,New York Yankees,2026-09-03T01:39:00+00:00,2026-09-03T01:38:00+00:00,2026-09-03T01:39:41.407000+00:00,2026-09-02T21:22:51.431309+00:00,2.4,1.6024096385542168,0.4003612281757977,0.0,Final,0.40104659456628244,0.39993799410944036,,21a8d98c24183102131ea050d972f9eb9a4e46567e0fc1aa578d548242ebf7fd,2026-09-01,2.3600000000000003,1.6756756756756757,2026-09-03T01:36:49.040517+00:00,2.3600000000000003,1.617283950617284,2026-09-03T01:36:49.040517+00:00
mlb:824068,824068,2026-09-02,Kansas City Royals,Miami Marlins,2026-09-02T23:41:00+00:00,2026-09-02T23:40:00+00:00,2026-09-02T23:40:18.901000+00:00,2026-09-02T19:17:02.908267+00:00,1.8928571428571428,1.9615384615384617,0.5089094796863863,0.0,Final,0.5034455680990378,0.5094339622641509,,2e82d78b648e54ae8d148fd7aa8cb0ee0dcc0c13cbdf150e3ef3eb01d3c0e247,2026-09-01,1.847457627118644,2.09,2026-09-02T23:38:20.146735+00:00,1.8333333333333335,2.02,2026-09-02T23:38:20.146735+00:00
mlb:824147,824147,2026-09-02,Houston Astros,Chicago White Sox,2026-09-03T00:11:00+00:00,2026-09-03T00:10:00+00:00,2026-09-03T00:10:31.609000+00:00,2026-09-02T19:17:02.908267+00:00,1.704225352112676,2.2,0.5634920634920635,1.0,Final,0.5675338642610761,0.5589293151099837,,c21d181da790c024190f99c129e278142a9d2b64a7e751470f41a5f5bc7ead82,2026-09-01,1.7407407407407407,2.25,2026-09-03T00:08:19.761452+00:00,1.704225352112676,2.2,2026-09-03T00:08:19.761452+00:00
mlb:824312,824312,2026-09-02,Colorado Rockies,Baltimore Orioles,2026-09-02T19:11:00+00:00,2026-09-02T19:10:00+00:00,2026-09-02T19:13:15.393000+00:00,2026-09-02T13:25:32.106101+00:00,2.3600000000000003,1.617283950617284,0.4066302458405761,1.0,Final,0.4042904144286935,0.40469766703697824,,7ec965e638bb5132a9925c881ab452c6b13913e127a8d08894cbe07ac0d65524,2026-09-01,,,,,,
mlb:824390,824390,2026-09-02,Cleveland Guardians,Toronto Blue Jays,2026-09-02T22:41:00+00:00,2026-09-02T22:40:00+00:00,2026-09-02T22:41:42.849000+00:00,2026-09-02T17:38:02.254073+00:00,2.12,1.7575757575757576,0.4532666458268208,0.0,Final,0.45882400185607963,0.4586401217555839,,9fb0a387ee76e011aed4dfe72749819deca5d746948f141b1299cf2d1b675fa3,2026-09-01,2.15,1.8,2026-09-02T22:38:32.128144+00:00,2.1,1.7692307692307692,2026-09-02T22:38:32.128144+00:00
mlb:824470,824470,2026-09-02,Cincinnati Reds,San Diego Padres,2026-09-02T16:41:00+00:00,2026-09-02T16:40:00+00:00,2026-09-02T16:41:33.912000+00:00,2026-09-02T12:22:36.323577+00:00,2.3,1.6493506493506493,0.41762578099309444,1.0,Final,0.4159501569996884,0.4263223067397843,,d59165cb12c97439f33c39db4557915b69434505c08c44b50498595eb86f80ca,2026-09-01,,,,,,
mlb:824634,824634,2026-09-02,Chicago Cubs,Milwaukee Brewers,2026-09-02T23:41:00+00:00,2026-09-02T23:40:00+00:00,2026-09-02T23:40:17.431000+00:00,2026-09-02T19:17:02.908267+00:00,2.3600000000000003,1.617283950617284,0.4066302458405761,0.0,Final,0.40453226364557765,0.4053105253079722,,7a71b84d503276974b8c3c5f2610f0f1363a45d5e638911b37173bd38d6ce3c6,2026-09-01,2.31,1.704225352112676,2026-09-02T23:38:20.146735+00:00,2.26,1.6756756756756757,2026-09-02T23:38:20.146735+00:00
mlb:824717,824717,2026-09-02,Boston Red Sox,Seattle Mariners,2026-09-02T20:11:00+00:00,2026-09-02T20:10:00+00:00,2026-09-02T20:11:44.324000+00:00,2026-09-02T14:29:20.756800+00:00,1.7462686567164178,2.16,0.5529573590096287,0.0,Final,0.561725178128734,0.5562044917484775,,b95384b8ff237de26e42c5f0cd1485756918f125aab83b2da0d4fc017008374e,2026-09-01,,,,,,
mlb:825037,825037,2026-09-02,Arizona Diamondbacks,Philadelphia Phillies,2026-09-02T19:41:00+00:00,2026-09-02T19:40:00+00:00,2026-09-02T19:41:53.320000+00:00,2026-09-02T14:29:20.756800+00:00,1.9803921568627452,1.8620689655172413,0.4846032025338729,1.0,Final,0.4763083095262073,0.48024891774891776,,cd085fd2d2f06624b236e4c532a51fb24dd356405a6de89520ad0e8812c8827c,2026-09-01,2.1799999999999997,1.7874015748031495,2026-09-02T19:17:02.908267+00:00,2.1,1.7692307692307692,2026-09-02T19:17:02.908267+00:00
mlb:822853,822853,2026-09-03,Texas Rangers,Tampa Bay Rays,2026-09-04T00:05:00+00:00,2026-09-04T00:05:00+00:00,2026-09-04T00:08:39.775000+00:00,2026-09-03T19:01:21.169724+00:00,2.08,1.7936507936507935,0.4630388460908047,1.0,Final,0.4611279458010477,0.4536695037738878,,0c50c0866dd60bdf28a954c63623a28f9e7043732ab4f5fecc66bfffee0a85a5,2026-09-02,2.09,1.847457627118644,2026-09-04T00:03:30.405834+00:00,2.08,1.7936507936507935,2026-09-04T00:03:30.405834+00:00
mlb:823095,823095,2026-09-03,Seattle Mariners,Athletics,2026-09-04T01:40:00+00:00,2026-09-04T01:40:00+00:00,2026-09-04T01:42:12.702000+00:00,2026-09-03T20:01:28.403326+00:00,1.4651162790697674,2.8,0.6564885496183206,0.0,Final,0.6590240975694174,0.6589465237065603,,3a4b095e3156b63d9a28621fd2a3b53872e4516d0c57a700540e451ba2dcb01b,2026-09-02,1.4784688995215312,2.9,2026-09-04T01:37:55.883459+00:00,1.4878048780487805,2.7199999999999998,2026-09-04T01:37:55.883459+00:00
mlb:823337,823337,2026-09-03,Pittsburgh Pirates,San Francisco Giants,2026-09-03T16:35:00+00:00,2026-09-03T16:35:00+00:00,2026-09-03T16:37:42.262000+00:00,2026-09-03T11:03:49.225844+00:00,1.617283950617284,2.3600000000000003,0.593369754159424,1.0,Final,0.5910542036776854,,,afcf370bf4a7557ec1ba1e82f97eb91335a7d50e903d74ccff5623f4f396d851,2026-09-02,1.6134969325153374,2.49,2026-09-03T16:31:59.081607+00:00,1.6024096385542168,2.4,2026-09-03T16:31:59.081607+00:00
mlb:823907,823907,2026-09-03,Los Angeles Dodgers,St. Louis Cardinals,2026-09-04T02:10:00+00:00,2026-09-04T02:10:00+00:00,2026-09-04T02:10:12.360000+00:00,2026-09-03T21:01:37.502541+00:00,1.3225806451612903,3.5,0.725752508361204,1.0,Final,0.727691917207155,0.7315744037984245,,35cf22424c701bbfb9755ea5ee5da505d03b132b389aa13ff81a5fb904bc180c,2026-09-02,1.3546099290780143,3.51,2026-09-04T02:07:43.754065+00:00,1.3389830508474576,3.4,2026-09-04T02:07:43.754065+00:00
mlb:824069,824069,2026-09-03,Kansas City Royals,Miami Marlins,2026-09-03T23:40:00+00:00,2026-09-03T23:40:00+00:00,2026-09-03T23:40:40.045000+00:00,2026-09-03T18:04:36.395211+00:00,1.8620689655172413,1.9803921568627452,0.515396797466127,1.0,Final,0.5098830553067591,0.5174799708667153,,aa96a66854a564b4d0e814316bb834d8570ae8192889cb2902db77f2a4f0456e,2026-09-02,1.8403361344537816,2.1,2026-09-03T23:37:30.509625+00:00,1.8333333333333335,2.02,2026-09-03T23:37:30.509625+00:00
mlb:824144,824144,2026-09-03,Houston Astros,Chicago White Sox,2026-09-03T18:10:00+00:00,2026-09-03T18:10:00+00:00,2026-09-03T18:11:20.670000+00:00,2026-09-03T12:26:14.902500+00:00,1.6097560975609757,2.38,0.5965276928719893,1.0,Final,0.6016195753143336,0.5897955514880125,,c7c0efe4d9739d1effa5321424c32673e657dd0e45dfc73179cd54d1a6de7220,2026-09-02,1.606060606060606,2.51,2026-09-03T18:07:23.001536+00:00,1.6097560975609757,2.38,2026-09-03T18:07:23.001536+00:00
mlb:824388,824388,2026-09-03,Cleveland Guardians,Toronto Blue Jays,2026-09-03T17:10:00+00:00,2026-09-03T17:10:00+00:00,2026-09-03T17:11:43.653000+00:00,2026-09-03T12:26:14.902500+00:00,1.925925925925926,1.925925925925926,0.5,0.0,Final,0.5030769900210191,0.5,,25e388799a23d9a7a6eb237a8bbc74adbe032486235f9d8ae1204fefcc9eae74,2026-09-02,1.9803921568627452,1.9433962264150944,2026-09-03T17:07:23.976644+00:00,1.9090909090909092,1.9433962264150944,2026-09-03T17:07:23.976644+00:00
mlb:824632,824632,2026-09-03,Chicago Cubs,Milwaukee Brewers,2026-09-03T23:15:00+00:00,2026-09-03T23:15:00+00:00,2026-09-03T23:15:53.821000+00:00,2026-09-03T18:04:36.395211+00:00,1.9803921568627452,1.8620689655172413,0.4846032025338729,1.0,Final,0.4826089848518041,0.48357894254348777,,e3e1386c94731db2eb8b95e29248982ee0ab2cb4329f13e20d9b7ca19d752373,2026-09-02,2.1,1.8403361344537816,2026-09-03T23:12:30.411231+00:00,2.06,1.8064516129032258,2026-09-03T23:12:30.411231+00:00
mlb:824796,824796,2026-09-03,Baltimore Orioles,Boston Red Sox,2026-09-03T23:15:00+00:00,2026-09-03T23:15:00+00:00,2026-09-03T23:17:21+00:00,2026-09-03T18:04:36.395211+00:00,2.08,1.7936507936507935,0.4630388460908047,0.0,Final,0.4616522973340713,0.4670505438259757,,5fd6a5a1063312fbe0f37fbd9db5b8de60c62720053ec23ffd10093ab3647641,2026-09-02,2.06,1.8771929824561404,2026-09-03T23:12:30.411231+00:00,2.04,1.819672131147541,2026-09-03T23:12:30.411231+00:00
mlb:822852,822852,2026-09-04,Texas Rangers,Tampa Bay Rays,2026-09-05T00:06:00+00:00,2026-09-05T00:05:00+00:00,2026-09-05T00:08:12.282000+00:00,2026-09-04T19:01:01.595499+00:00,1.9090909090909092,1.9433962264150944,0.5044523597506678,0.0,Final,0.503475364628859,0.5117849050433319,,578a66610a3d22736b96b181e62a2746d77e2db46ed95c9246917ade183e4e49,2026-09-03,1.900900900900901,2.0300000000000002,2026-09-05T00:03:08.522378+00:00,1.8620689655172413,1.9803921568627452,2026-09-05T00:03:08.522378+00:00
mlb:823093,823093,2026-09-04,Seattle Mariners,Athletics,2026-09-05T02:11:00+00:00,2026-09-05T02:10:00+00:00,2026-09-05T02:11:05.347000+00:00,2026-09-04T21:01:06.479765+00:00,1.425531914893617,2.94,0.6734574519933717,0.0,Final,0.6737076276572991,0.6670766359896517,,01f65e50040cd0e3bdeb114584a599c7866a98a2d152490405eabeeb595e1801,2026-09-03,1.4444444444444444,3.03,2026-09-05T02:08:29.265153+00:00,1.425531914893617,2.94,2026-09-05T02:08:29.265153+00:00
mlb:823256,823256,2026-09-04,San Diego Padres,New York Yankees,2026-09-05T01:41:00+00:00,2026-09-05T01:40:00+00:00,2026-09-05T01:40:24.158000+00:00,2026-09-04T20:01:22.253672+00:00,2.0,1.847457627118644,0.48017621145374445,1.0,Final,0.48979526362379405,0.4905660377358491,,ce765b3c853d3e817e8b2f31b573a17d066c65166186d3bc053176e068256615,2026-09-03,1.970873786407767,1.9523809523809523,2026-09-05T01:38:00.332099+00:00,1.9433962264150944,1.9090909090909092,2026-09-05T01:38:00.332099+00:00
mlb:823338,823338,2026-09-04,Pittsburgh Pirates,Los Angeles Angels,2026-09-04T22:46:00+00:00,2026-09-04T22:45:00+00:00,2026-09-04T23:08:59.420000+00:00,2026-09-04T17:01:13.818522+00:00,1.510204081632653,2.6399999999999997,0.6361132966168371,1.0,Final,0.6408030433620081,0.6319114499034094,,c94100f5c96f0c015261bf45c910745c6a0de78d64dbfe067f6dd55abaad2b70,2026-09-03,1.526315789473684,2.73,2026-09-04T22:43:51.213234+00:00,1.510204081632653,2.6399999999999997,2026-09-04T22:43:51.213234+00:00
mlb:823418,823418,2026-09-04,Philadelphia Phillies,Atlanta Braves,2026-09-04T22:41:00+00:00,2026-09-04T22:40:00+00:00,2026-09-04T22:42:39.851000+00:00,2026-09-04T17:01:13.818522+00:00,1.8928571428571428,1.9615384615384617,0.5089094796863863,0.0,Final,0.5154620446777245,0.5117849050433319,,ecde17d57ba3bd4aeb60d30c7d3f7e26a5d4c4baa015808807ca6806078a10b2,2026-09-03,1.8547008547008548,2.08,2026-09-04T22:38:52.118511+00:00,1.8620689655172413,1.9803921568627452,2026-09-04T22:38:52.118511+00:00
mlb:823579,823579,2026-09-04,New York Mets,San Francisco Giants,2026-09-04T23:11:00+00:00,2026-09-04T23:10:00+00:00,2026-09-04T23:10:30.805000+00:00,2026-09-04T18:01:21.265921+00:00,1.526315789473684,2.6,0.6301020408163265,1.0,Final,0.6265511520782557,0.6332344059822967,,c12558b239b2bcaa45d2331587fa9204490c116c3959eb1308ebfcaf06d951c8,2026-09-03,1.5050505050505052,2.8,2026-09-04T23:08:05.099749+00:00,1.4761904761904763,2.76,2026-09-04T23:08:05.099749+00:00
mlb:823824,823824,2026-09-04,Miami Marlins,Chicago Cubs,2026-09-04T23:10:00+00:00,2026-09-04T23:10:00+00:00,2026-09-04T23:10:36.155000+00:00,2026-09-04T18:01:21.265921+00:00,2.3200000000000003,1.641025641025641,0.4142931123770068,0.0,Final,0.41368534946496577,0.4005298838930881,,ed43e124950abe1d729aded3c9273b517f13339581798fae4d03744509ea038d,2026-09-03,2.52,1.6024096385542168,2026-09-04T23:01:10.398142+00:00,2.42,1.5952380952380953,2026-09-04T23:01:10.398142+00:00
mlb:823905,823905,2026-09-04,Los Angeles Dodgers,Washington Nationals,2026-09-05T02:11:00+00:00,2026-09-05T02:10:00+00:00,2026-09-05T02:10:57.037000+00:00,2026-09-04T21:01:06.479765+00:00,1.3448275862068966,3.35,0.7135512302607419,1.0,Final,0.7141629558791266,0.7207768413338219,,24e41026ce66ffc8b21ed22ca24b2d8bbce26eb8d62bd92fb6d4e7b6bd45603a,2026-09-03,1.3773584905660377,3.37,2026-09-05T02:08:29.265153+00:00,1.3703703703703702,3.2,2026-09-05T02:08:29.265153+00:00
mlb:824067,824067,2026-09-04,Kansas City Royals,Toronto Blue Jays,2026-09-05T00:10:00+00:00,2026-09-05T00:10:00+00:00,2026-09-05T00:10:13.451000+00:00,2026-09-04T19:01:01.595499+00:00,1.847457627118644,2.0,0.5198237885462554,0.0,Final,0.518580439735948,0.5220013401831584,,6cfb44288c001d7f0469ef222c838e333890f4ccbc76c427d78133d8c06c0a30,2026-09-03,1.9090909090909092,2.02,2026-09-05T00:08:03.674135+00:00,1.847457627118644,2.0,2026-09-05T00:08:03.674135+00:00
mlb:824146,824146,2026-09-04,Houston Astros,Arizona Diamondbacks,2026-09-05T00:11:00+00:00,2026-09-05T00:10:00+00:00,2026-09-05T00:11:39.935000+00:00,2026-09-04T19:01:01.595499+00:00,1.7352941176470589,2.16,0.5545152521896708,1.0,Final,0.5639368819961372,0.5413598782444161,,aa62ef57f31024354b32a722c662c624368d054b0078e35d10664a106094c567,2026-09-03,1.819672131147541,2.12,2026-09-05T00:08:03.674135+00:00,1.7692307692307692,2.1,2026-09-05T00:08:03.674135+00:00
mlb:824311,824311,2026-09-04,Colorado Rockies,St. Louis Cardinals,2026-09-05T00:41:00+00:00,2026-09-05T00:40:00+00:00,2026-09-05T00:40:21.561000+00:00,2026-09-04T19:01:01.595499+00:00,2.1,1.7692307692307692,0.4572564612326044,0.0,Final,0.4435027276011597,0.462807840509298,,a2032f1575f3810cfd88b0e21fb1550a66adef776d4141e9fc6cc0ebc7b28abf,2026-09-03,2.1,1.8403361344537816,2026-09-05T00:38:05.935351+00:00,2.08,1.7936507936507935,2026-09-05T00:38:05.935351+00:00
mlb:824471,824471,2026-09-04,Cincinnati Reds,Milwaukee Brewers,2026-09-04T22:11:00+00:00,2026-09-04T22:10:00+00:00,2026-09-04T23:00:43.525000+00:00,2026-09-04T17:01:13.818522+00:00,2.3600000000000003,1.617283950617284,0.4066302458405761,0.0,Final,0.3980116350869647,0.4015123109611298,,84197d98e33f16d5da66256c2efbce6027e8c72af6f43f314148ee66440ef835,2026-09-03,,,,,,
mlb:824554,824554,2026-09-04,Chicago White Sox,Minnesota Twins,2026-09-04T23:41:00+00:00,2026-09-04T23:40:00+00:00,2026-09-04T23:40:40.703000+00:00,2026-09-04T18:01:21.265921+00:00,1.8620689655172413,1.9803921568627452,0.515396797466127,1.0,Final,0.5213913696335397,0.5164210574565123,,bd8e47e0247eaf8b0b0a9fe2af5cef5faea7a342d749252ada0b7e85a8cbcf7c,2026-09-03,1.8264462809917354,2.12,2026-09-04T23:38:08.542295+00:00,1.7936507936507935,2.08,2026-09-04T23:38:08.542295+00:00
mlb:824797,824797,2026-09-04,Baltimore Orioles,Boston Red Sox,2026-09-04T23:06:00+00:00,2026-09-04T23:05:00+00:00,2026-09-04T23:08:06.372000+00:00,2026-09-04T18:01:21.265921+00:00,2.02,1.8333333333333335,0.4757785467128028,0.0,Final,0.47367706495721745,0.48024891774891776,,11cfab43fcf2303e1728a338f194cd754b369ebc159a57684dfe0db5e04df641,2026-09-03,2.04,1.8928571428571428,2026-09-04T23:03:54.808145+00:00,1.9803921568627452,1.8620689655172413,2026-09-04T23:03:54.808145+00:00
mlb:822850,822850,2026-09-05,Texas Rangers,Tampa Bay Rays,2026-09-05T23:06:00+00:00,2026-09-05T23:05:00+00:00,2026-09-05T23:08:24.581000+00:00,2026-09-05T18:00:57.430915+00:00,1.925925925925926,1.925925925925926,0.5,0.0,Final,0.5012751691202106,0.5,,0b445c19a107f85290722d0aa6c202d693bbccae1a4d51473d37af2cfd3bb3ff,2026-09-04,1.9174311926605505,2.01,2026-09-05T23:03:57.332041+00:00,1.925925925925926,1.925925925925926,2026-09-05T23:03:57.332041+00:00
mlb:823094,823094,2026-09-05,Seattle Mariners,Athletics,2026-09-06T01:41:00+00:00,2026-09-06T01:40:00+00:00,2026-09-06T01:42:13.974000+00:00,2026-09-05T20:00:54.603878+00:00,1.4081632653061225,3.0,0.6805555555555556,0.0,Final,0.6814042692051135,0.6844499194541837,,4a7689bb9bef838e866991774e0086db4f043c03d6060236a9968d14e6b5bacc,2026-09-04,1.434782608695652,3.08,2026-09-06T01:38:49.166992+00:00,1.4081632653061225,3.0,2026-09-06T01:38:49.166992+00:00
mlb:823257,823257,2026-09-05,San Diego Padres,New York Yankees,2026-09-05T23:16:00+00:00,2026-09-05T23:15:00+00:00,2026-09-05T23:16:17.686000+00:00,2026-09-05T18:00:57.430915+00:00,1.7936507936507935,2.08,0.5369611539091953,0.0,Final,0.5399098841860176,0.5443037974683544,,34afddb6c8e2077475eb9dcd7d9be79e81f3a437a72ff2d95043eee8d7ec58b2,2026-09-04,1.7692307692307692,2.2,2026-09-05T23:13:25.221202+00:00,1.7692307692307692,2.1,2026-09-05T23:13:25.221202+00:00
mlb:823335,823335,2026-09-05,Pittsburgh Pirates,Los Angeles Angels,2026-09-05T22:41:00+00:00,2026-09-05T22:40:00+00:00,2026-09-05T22:41:15.849000+00:00,2026-09-05T17:01:04.397239+00:00,1.5434782608695652,2.54,0.6220187393526406,0.0,Final,0.6298451174516746,0.6305791099717346,,02a6a5c5ad88201e0f7622051f432d0d833f04c94d294e306b82a98fae316a9e,2026-09-04,1.5780346820809248,2.59,2026-09-05T22:37:57.742393+00:00,1.5434782608695652,2.54,2026-09-05T22:37:57.742393+00:00
mlb:823419,823419,2026-09-05,Philadelphia Phillies,Atlanta Braves,2026-09-05T22:06:00+00:00,2026-09-05T22:05:00+00:00,2026-09-05T22:06:04.377000+00:00,2026-09-05T17:01:04.397239+00:00,1.641025641025641,2.3200000000000003,0.5857068876229934,1.0,Final,0.5883620621164621,0.5897955514880125,,44ce2cb3de72d0c80354f1f587422839afddf7251c94df9960e295f3d3ec124f,2026-09-04,1.6369426751592355,2.44,2026-09-05T22:03:36.716475+00:00,1.5952380952380953,2.42,2026-09-05T22:03:36.716475+00:00
mlb:823577,823577,2026-09-05,New York Mets,San Francisco Giants,2026-09-05T20:11:00+00:00,2026-09-05T20:10:00+00:00,2026-09-05T20:10:18.092000+00:00,2026-09-05T15:01:18.071835+00:00,1.5952380952380953,2.42,0.6027039848197343,0.0,Final,0.6005102702106738,0.6031746031746031,,eea925a3e02a8a0f3994681db14b300c636a62d941c46726e75aef732846d766,2026-09-04,1.6134969325153374,2.5,2026-09-05T20:08:22.567281+00:00,1.5952380952380953,2.42,2026-09-05T20:08:22.567281+00:00
mlb:823823,823823,2026-09-05,Miami Marlins,Chicago Cubs,2026-09-05T20:11:00+00:00,2026-09-05T20:10:00+00:00,2026-09-05T20:12:10.981000+00:00,2026-09-05T15:01:18.071835+00:00,2.08,1.7936507936507935,0.4630388460908047,0.0,Final,0.4622293171724971,0.462807840509298,,f026c7783dd4b040d763cfcc3a6033c17a9bd17f33f5912c744664374f6ed658,2026-09-04,2.1100000000000003,1.8264462809917354,2026-09-05T20:08:22.567281+00:00,2.1399999999999997,1.7462686567164178,2026-09-05T20:08:22.567281+00:00
mlb:823904,823904,2026-09-05,Los Angeles Dodgers,Washington Nationals,2026-09-06T01:11:00+00:00,2026-09-06T01:10:00+00:00,2026-09-06T01:09:42.852000+00:00,2026-09-05T20:00:54.603878+00:00,1.4651162790697674,2.8,0.6564885496183206,1.0,Final,0.6630070904693103,0.6659872584276857,,88d746162590fc5a7c3b56aabb8ffe0c35e70020863dd71166c37c82ba405dbf,2026-09-04,1.5494505494505495,2.66,2026-09-06T01:08:29.276320+00:00,1.526315789473684,2.6,2026-09-06T01:08:29.276320+00:00
mlb:824066,824066,2026-09-05,Kansas City Royals,Toronto Blue Jays,2026-09-05T23:11:00+00:00,2026-09-05T23:10:00+00:00,2026-09-05T23:09:52.002000+00:00,2026-09-05T18:00:57.430915+00:00,1.9090909090909092,1.9433962264150944,0.5044523597506678,0.0,Final,0.5040248208133278,0.5023568230025924,,8dc5540bbc1ab5c6cd64a2b959492fbca67b2fc2377ed93dde97cbcd1e41c042,2026-09-04,1.99009900990099,1.9345794392523366,2026-09-05T23:08:24.497917+00:00,1.9090909090909092,1.9433962264150944,2026-09-05T23:08:24.497917+00:00
mlb:824145,824145,2026-09-05,Houston Astros,Arizona Diamondbacks,2026-09-05T23:16:00+00:00,2026-09-05T23:15:00+00:00,2026-09-05T23:15:57.790000+00:00,2026-09-05T18:00:57.430915+00:00,1.925925925925926,1.925925925925926,0.5,0.0,Final,0.5089884433229198,0.49764317699740745,,c890a1b078e4c337f720f96895c751648ff8a1501e60f721ef5fe991f3b73684,2026-09-04,1.99009900990099,1.925925925925926,2026-09-05T23:13:25.221202+00:00,1.9615384615384617,1.8928571428571428,2026-09-05T23:13:25.221202+00:00
mlb:824310,824310,2026-09-05,Colorado Rockies,St. Louis Cardinals,2026-09-06T00:11:00+00:00,2026-09-06T00:10:00+00:00,2026-09-06T00:11:52.540000+00:00,2026-09-05T19:00:59.529058+00:00,2.02,1.8333333333333335,0.4757785467128028,1.0,Final,0.4639194834662466,0.46491969568892644,,bca2ac92c18a1125511eb7f4b8344baffaef47d928d79dd66b6c7ba503b8b066,2026-09-04,2.1399999999999997,1.8064516129032258,2026-09-06T00:08:24.453653+00:00,2.02,1.8333333333333335,2026-09-06T00:08:24.453653+00:00
mlb:824389,824389,2026-09-05,Cleveland Guardians,Detroit Tigers,2026-09-05T22:11:00+00:00,2026-09-05T22:10:00+00:00,2026-09-05T22:10:33.341000+00:00,2026-09-05T17:01:04.397239+00:00,1.641025641025641,2.3200000000000003,0.5857068876229934,0.0,Final,0.5996831469841847,0.5881383855024712,,815914e33d2f5241420516a8d2573c2038d4d3bcf8b553970a821f320749699e,2026-09-04,1.6451612903225805,2.42,2026-09-05T22:08:51.298070+00:00,1.6329113924050633,2.34,2026-09-05T22:08:51.298070+00:00
mlb:824468,824468,2026-09-05,Cincinnati Reds,Milwaukee Brewers,2026-09-05T22:41:00+00:00,2026-09-05T22:40:00+00:00,2026-09-05T22:41:59.832000+00:00,2026-09-05T17:01:04.397239+00:00,2.3600000000000003,1.617283950617284,0.4066302458405761,1.0,Final,0.4001768428755542,0.41930515146328945,,d4da328dceceb9b9bcbd727f0f702ea1375bc2271f85ae84aa4676305e9e3c74,2026-09-04,2.3200000000000003,1.6993006993006992,2026-09-05T22:37:57.742393+00:00,2.3200000000000003,1.641025641025641,2026-09-05T22:37:57.742393+00:00
mlb:824553,824553,2026-09-05,Chicago White Sox,Minnesota Twins,2026-09-05T23:11:00+00:00,2026-09-05T23:10:00+00:00,2026-09-05T23:11:19.115000+00:00,2026-09-05T18:00:57.430915+00:00,1.8064516129032258,2.06,0.5327882529617888,0.0,Final,0.5398422449497987,0.5286297680076463,,0cb6ff06d1ead85281f41911a8d7faa36ffda24464cfaff73df1fbfd861e6534,2026-09-04,1.8403361344537816,2.1,2026-09-05T23:08:24.497917+00:00,1.8064516129032258,2.06,2026-09-05T23:08:24.497917+00:00
mlb:824795,824795,2026-09-05,Baltimore Orioles,Boston Red Sox,2026-09-05T23:06:00+00:00,2026-09-05T23:05:00+00:00,2026-09-05T23:06:16.931000+00:00,2026-09-05T18:00:57.430915+00:00,2.12,1.7575757575757576,0.4532666458268208,0.0,Final,0.45187548984420856,0.45980329491329713,,c31c8fd2c9560fb72788bffb28002e971cda9e297b1c1eba2e4b23da530c2093,2026-09-04,2.1,1.8403361344537816,2026-09-05T23:03:57.332041+00:00,2.1,1.7692307692307692,2026-09-05T23:03:57.332041+00:00
mlb:822848,822848,2026-09-06,Texas Rangers,Tampa Bay Rays,2026-09-06T18:36:00+00:00,2026-09-06T18:35:00+00:00,2026-09-06T18:38:36.888000+00:00,2026-09-06T13:00:42.004719+00:00,1.8928571428571428,1.9615384615384617,0.5089094796863863,1.0,Final,0.509198403611552,0.5,,4eac625c49bf1f48cfe8002623fa20f09a49d0314665aa8c5add29099d3283e3,2026-09-05,1.9803921568627452,1.9433962264150944,2026-09-06T18:33:29.633444+00:00,2.0,1.847457627118644,2026-09-06T18:33:29.633444+00:00
mlb:823091,823091,2026-09-06,Seattle Mariners,Athletics,2026-09-06T20:10:00+00:00,2026-09-06T20:10:00+00:00,2026-09-06T20:12:34.511000+00:00,2026-09-06T15:00:48.758379+00:00,1.4878048780487805,2.7199999999999998,0.6464178066311151,1.0,Final,0.6465002122021827,0.6409804092077965,,6a346b90adaf4b4d597a2bb8e105b1ed3ebf3c1f8afd0ab19088635af0a9d31d,2026-09-05,1.4761904761904763,2.9,2026-09-06T20:07:15.241588+00:00,1.4545454545454546,2.84,2026-09-06T20:07:15.241588+00:00
mlb:823253,823253,2026-09-06,San Diego Padres,New York Yankees,2026-09-06T20:10:00+00:00,2026-09-06T20:10:00+00:00,2026-09-06T20:12:23.477000+00:00,2026-09-06T15:00:48.758379+00:00,1.9433962264150944,1.9090909090909092,0.49554764024933207,1.0,Final,0.49904553422622383,0.49528568734678485,,d4d502582c69e07bec4fc0bed13ee7c0eae1e54814307a94f7138f3e81b36e72,2026-09-05,1.9090909090909092,2.02,2026-09-06T20:00:52.197733+00:00,1.8333333333333335,2.02,2026-09-06T20:00:52.197733+00:00
mlb:823336,823336,2026-09-06,Pittsburgh Pirates,Los Angeles Angels,2026-09-06T17:35:00+00:00,2026-09-06T17:35:00+00:00,2026-09-06T17:38:08.344000+00:00,2026-09-06T12:00:40.890237+00:00,1.510204081632653,2.6399999999999997,0.6361132966168371,1.0,Final,0.6432212371444346,0.6367156074014482,,73daf39ca88a735e4f6afeaf1908f6bba2256c273bb6a3c0be5144942d96147d,2026-09-05,,,,,,
mlb:823417,823417,2026-09-06,Philadelphia Phillies,Atlanta Braves,2026-09-06T17:10:00+00:00,2026-09-06T17:10:00+00:00,2026-09-06T17:12:04.696000+00:00,2026-09-06T12:00:40.890237+00:00,1.9090909090909092,1.9433962264150944,0.5044523597506678,0.0,Final,0.5098908202702916,0.5,,b58e5cbe4090077f484ef37a1f1237d4081f1238d0beac729ac87019fc8af4fc,2026-09-05,1.9433962264150944,1.9803921568627452,2026-09-06T17:00:58.044423+00:00,1.9090909090909092,1.9433962264150944,2026-09-06T17:00:58.044423+00:00
mlb:823578,823578,2026-09-06,New York Mets,San Francisco Giants,2026-09-06T17:40:00+00:00,2026-09-06T17:40:00+00:00,2026-09-06T17:40:42.332000+00:00,2026-09-06T12:00:40.890237+00:00,1.6329113924050633,2.34,0.5889887210858344,1.0,Final,0.5895045536358746,,,b3e929abc9906cac6fd11d0cfda0697275dc9efcf0658f0893d7c0d73e344b29,2026-09-05,,,,,,
mlb:823822,823822,2026-09-06,Miami Marlins,Chicago Cubs,2026-09-06T17:41:00+00:00,2026-09-06T17:40:00+00:00,2026-09-06T17:41:38.510000+00:00,2026-09-06T12:00:40.890237+00:00,2.24,1.6849315068493151,0.4292894038810554,1.0,Final,0.42861919235719376,0.4295364214803857,,83d817aad4d51d45c86a1b82f83b6e8d99b25185da69ae70d33403fc59cbb569,2026-09-05,2.2,1.7692307692307692,2026-09-06T17:38:04.794811+00:00,2.2,1.704225352112676,2026-09-06T17:38:04.794811+00:00
mlb:823903,823903,2026-09-06,Los Angeles Dodgers,Washington Nationals,2026-09-07T02:11:00+00:00,2026-09-07T02:10:00+00:00,2026-09-07T02:10:12.551000+00:00,2026-09-06T21:00:46.657638+00:00,1.4878048780487805,2.7199999999999998,0.6464178066311151,1.0,Final,0.6562816419783996,0.6384343071670635,,1c485b6d127f6fd4a9fec48237ac1a48063dfa6ac3459275ac5a52c8704fee5b,2026-09-05,1.5319148936170213,2.71,2026-09-07T02:08:16.952005+00:00,1.5050505050505052,2.66,2026-09-07T02:08:16.952005+00:00
mlb:824065,824065,2026-09-06,Kansas City Royals,Toronto Blue Jays,2026-09-06T18:11:00+00:00,2026-09-06T18:10:00+00:00,2026-09-06T18:12:16.038000+00:00,2026-09-06T13:00:42.004719+00:00,2.04,1.819672131147541,0.47145769622833844,1.0,Final,0.46962034378932715,0.47598060819744376,,f6e5029e6ad58cec92e38e177442d6ac66456c8b2ae92626febaab72d4ea2c99,2026-09-05,2.08,1.8547008547008548,2026-09-06T18:08:13.613845+00:00,2.04,1.819672131147541,2026-09-06T18:08:13.613845+00:00
mlb:824142,824142,2026-09-06,Houston Astros,Arizona Diamondbacks,2026-09-06T18:10:00+00:00,2026-09-06T18:10:00+00:00,2026-09-06T18:10:42.503000+00:00,2026-09-06T13:00:42.004719+00:00,1.9090909090909092,1.9433962264150944,0.5044523597506678,0.0,Final,0.5168250014939224,0.5023568230025924,,f78240cbb7aa199330a1a0c72eac58bf3912a4e163614095144643c189e3eeed,2026-09-05,1.8695652173913042,2.06,2026-09-06T18:07:04.906210+00:00,1.8620689655172413,1.9803921568627452,2026-09-06T18:07:04.906210+00:00
mlb:824309,824309,2026-09-06,Colorado Rockies,St. Louis Cardinals,2026-09-06T19:10:00+00:00,2026-09-06T19:10:00+00:00,2026-09-06T19:10:17.082000+00:00,2026-09-06T14:00:46.386140+00:00,2.1399999999999997,1.7462686567164178,0.44934326753206855,0.0,Final,0.4413718539141903,0.4476940822271314,,dae889da8b5fecc13135b7040729ac61d3057df9bf286bdddc57de5b86a3f652,2026-09-05,,,,,,
mlb:824385,824385,2026-09-06,Cleveland Guardians,Detroit Tigers,2026-09-06T17:40:00+00:00,2026-09-06T17:40:00+00:00,2026-09-06T17:40:59.425000+00:00,2026-09-06T12:00:40.890237+00:00,1.5952380952380953,2.42,0.6027039848197343,1.0,Final,0.6168626502769106,0.5992601726263871,,bdb1855d5e0b19213349158ce19d76bc25e56d2d33ebdba70990689ecc986927,2026-09-05,,,,,,
mlb:824469,824469,2026-09-06,Cincinnati Reds,Milwaukee Brewers,2026-09-06T16:10:00+00:00,2026-09-06T16:10:00+00:00,2026-09-06T16:12:34.657000+00:00,2026-09-06T11:01:30.864730+00:00,2.4,1.6024096385542168,0.4003612281757977,1.0,Final,0.39399933070917464,0.4044887231062216,,eace09b7b0692ff53c69f8ac0d68b4a1d6460415456f4cb2546fa986b298d5f4,2026-09-05,2.27,1.7246376811594204,2026-09-06T16:07:41.248256+00:00,2.24,1.6849315068493151,2026-09-06T16:07:41.248256+00:00
mlb:824552,824552,2026-09-06,Chicago White Sox,Minnesota Twins,2026-09-06T22:20:00+00:00,2026-09-06T22:20:00+00:00,2026-09-06T22:20:43.829000+00:00,2026-09-06T17:00:58.044423+00:00,1.6849315068493151,2.24,0.5707105961189446,1.0,Final,0.5773328367062723,0.5754534928598997,,2d07b6cab31efb5c763972b81a88d2a83f40cd283ff003b9be56be1c173ebfb3,2026-09-05,1.7142857142857144,2.29,2026-09-06T22:17:15.161715+00:00,1.6756756756756757,2.26,2026-09-06T22:17:15.161715+00:00
mlb:824794,824794,2026-09-06,Baltimore Orioles,Boston Red Sox,2026-09-06T17:35:00+00:00,2026-09-06T17:35:00+00:00,2026-09-06T17:38:48.402000+00:00,2026-09-06T12:00:40.890237+00:00,2.16,1.7352941176470589,0.4454847478103291,0.0,Final,0.44890080686355754,0.44522913947954246,,142b91a24bc15035efecbbba9e8b4b48ee22ca0ed3bf18b731224e97a13cd9f0,2026-09-05,2.21,1.7633587786259541,2026-09-06T17:32:04.869802+00:00,2.12,1.7575757575757576,2026-09-06T17:32:04.869802+00:00
mlb:823175,823175,2026-09-07,San Francisco Giants,St. Louis Cardinals,2026-09-08T00:11:00+00:00,2026-09-08T00:10:00+00:00,2026-09-08T00:10:41.862000+00:00,2026-09-07T19:00:48.722683+00:00,1.7462686567164178,2.1399999999999997,0.5506567324679316,1.0,Final,0.5545854284105559,0.5454545454545454,,8ce8919a69a45eb2a918ebda6ea05b3a0380445b764e7015f8880a7001a1ade0,2026-09-06,1.8064516129032258,2.15,2026-09-08T00:08:00.270309+00:00,1.7575757575757576,2.12,2026-09-08T00:08:00.270309+00:00
mlb:823254,823254,2026-09-07,San Diego Padres,Washington Nationals,2026-09-07T21:11:00+00:00,2026-09-07T21:10:00+00:00,2026-09-07T21:12:01.496000+00:00,2026-09-07T16:00:49.884709+00:00,1.4878048780487805,2.7199999999999998,0.6464178066311151,1.0,Final,0.6529760750582094,0.6463710938439703,,ec8afedc67b47643dabac2aa0d6c4c583cc3e262786af0f903690711fdd7cd60,2026-09-06,1.5405405405405406,2.69,2026-09-07T21:08:08.372501+00:00,1.5050505050505052,2.66,2026-09-07T21:08:08.372501+00:00
mlb:823415,823415,2026-09-07,Philadelphia Phillies,Atlanta Braves,2026-09-07T17:06:00+00:00,2026-09-07T17:05:00+00:00,2026-09-07T17:06:21.629000+00:00,2026-09-07T11:12:45.536432+00:00,1.5747126436781609,2.46,0.609708848498661,1.0,Final,0.6151044165885344,0.6008197724213875,,b64adeb412a5faa161a68570fe5014c79988061042952b3cee9c91e810a32218,2026-09-06,1.5376344086021505,2.7,2026-09-07T17:03:17.083937+00:00,1.526315789473684,2.6,2026-09-07T17:03:17.083937+00:00
mlb:823742,823742,2026-09-07,Milwaukee Brewers,Chicago Cubs,2026-09-07T18:11:00+00:00,2026-09-07T18:10:00+00:00,2026-09-07T18:10:26.417000+00:00,2026-09-07T13:00:48.332486+00:00,1.8064516129032258,2.06,0.5327882529617888,1.0,Final,0.538194266361872,0.5350803043110736,,cd4a426cdb4f60fbcbdebc72c4694741439e1383ce70e9cba42118b34ff0f5e0,2026-09-06,1.8130081300813008,2.13,2026-09-07T18:08:17.641566+00:00,1.8064516129032258,2.06,2026-09-07T18:08:17.641566+00:00
mlb:823820,823820,2026-09-07,Miami Marlins,New York Mets,2026-09-07T17:11:00+00:00,2026-09-07T17:10:00+00:00,2026-09-07T17:11:08.868000+00:00,2026-09-07T11:12:45.536432+00:00,1.8620689655172413,1.9803921568627452,0.515396797466127,0.0,Final,0.5162680857146204,0.5240193918025562,,a272aefd5ad3bf38c01fb12c2c5c5c27922d178fb8fc90558ed38996383bfc7e,2026-09-06,1.7751937984496124,2.19,2026-09-07T17:08:17.688603+00:00,1.704225352112676,2.2,2026-09-07T17:08:17.688603+00:00
mlb:823902,823902,2026-09-07,Los Angeles Dodgers,Cincinnati Reds,2026-09-08T01:11:00+00:00,2026-09-08T01:10:00+00:00,2026-09-08T01:10:48.763000+00:00,2026-09-07T20:00:44.436459+00:00,1.5813953488372094,2.44,0.6067545685866297,1.0,Final,0.606002659345506,0.6185623601278026,,d717f1dcec90a8ba9f4a8d1b9a8db9c05b73c177bfe86224a80afff61413e48e,2026-09-06,1.5882352941176472,2.56,2026-09-08T01:08:01.126701+00:00,1.5617977528089888,2.5,2026-09-08T01:08:01.126701+00:00
mlb:824062,824062,2026-09-07,Kansas City Royals,Arizona Diamondbacks,2026-09-07T18:11:00+00:00,2026-09-07T18:10:00+00:00,2026-09-07T18:10:25.955000+00:00,2026-09-07T13:00:48.332486+00:00,1.8620689655172413,1.9803921568627452,0.515396797466127,0.0,Final,0.5173109173302627,,,1824425aa099a9c3e6ab7ef047b4c4e57724cb3a5099ca12c50698cf278b3473,2026-09-06,1.925925925925926,2.0,2026-09-07T18:08:17.641566+00:00,1.8928571428571428,1.9615384615384617,2026-09-07T18:08:17.641566+00:00
mlb:824229,824229,2026-09-07,Detroit Tigers,Minnesota Twins,2026-09-07T19:11:00+00:00,2026-09-07T19:10:00+00:00,2026-09-07T19:10:21.139000+00:00,2026-09-07T14:00:50.886552+00:00,1.8333333333333335,2.02,0.5242214532871973,1.0,Final,0.528174148511075,0.5500363507751557,,d74a863bee6f5503093b43b58b6f4d386820acdce9f27ac10e2f797c477d0090,2026-09-06,1.8928571428571428,2.0300000000000002,2026-09-07T19:08:16.939993+00:00,1.8333333333333335,2.02,2026-09-07T19:08:16.939993+00:00
mlb:824715,824715,2026-09-07,Boston Red Sox,Los Angeles Angels,2026-09-07T17:36:00+00:00,2026-09-07T17:35:00+00:00,2026-09-07T17:36:47.554000+00:00,2026-09-07T12:00:56.764289+00:00,1.5747126436781609,2.46,0.609708848498661,1.0,Final,0.6102476916224344,0.6134020618556701,,ff726738a9c0963240c72b9b14f184f85abf4775ca9ac58e4fc1616d4b098e8b,2026-09-06,1.5917159763313609,2.55,2026-09-07T17:33:17.743272+00:00,1.5747126436781609,2.46,2026-09-07T17:33:17.743272+00:00
mlb:824793,824793,2026-09-07,Baltimore Orioles,Cleveland Guardians,2026-09-07T17:36:00+00:00,2026-09-07T17:35:00+00:00,2026-09-07T17:36:56.060000+00:00,2026-09-07T12:00:56.764289+00:00,1.7936507936507935,2.08,0.5369611539091953,1.0,Final,0.5302673603713639,0.5369404697342622,,e591a75c10a7ee1809471e6cdaa3551e856788e5f9c42fe4f3f9c73c71fb9fdd,2026-09-06,1.7518796992481203,2.23,2026-09-07T17:33:17.743272+00:00,1.7352941176470589,2.16,2026-09-07T17:33:17.743272+00:00
mlb:824958,824958,2026-09-07,Athletics,Toronto Blue Jays,2026-09-08T02:06:00+00:00,2026-09-08T02:05:00+00:00,2026-09-08T02:06:15.909000+00:00,2026-09-07T21:25:14.053611+00:00,2.6799999999999997,1.5,0.3588516746411483,1.0,Final,0.35736722555195094,0.3496011262318161,,3d875f75697daac4388c8623028d811f991401eb45360861558e713ebac56975,2026-09-06,2.85,1.4926108374384237,2026-09-08T02:00:45.282996+00:00,2.76,1.4761904761904763,2026-09-08T02:00:45.282996+00:00
mlb:823092,823092,2026-09-08,Seattle Mariners,Texas Rangers,2026-09-09T01:41:00+00:00,2026-09-09T01:40:00+00:00,,2026-09-08T20:01:00.445342+00:00,1.7462686567164178,2.1399999999999997,0.5506567324679316,,Pre-Game,0.5452920776756398,0.5600370097622689,,98fdce89b4a985ec6b1d57576fdd19c2d61b1b389ad16ddf91d64ac74f4f9880,2026-09-07,,,,,,
mlb:823174,823174,2026-09-08,San Francisco Giants,St. Louis Cardinals,2026-09-09T01:46:00+00:00,2026-09-09T01:45:00+00:00,,2026-09-08T20:01:00.445342+00:00,1.925925925925926,1.925925925925926,0.5,,Pre-Game,0.4980586640965586,0.49764317699740745,,7431060b9784a00632a734e5a2401ab254a5067015d69e68e635fbf4f6512793,2026-09-07,,,,,,
mlb:823250,823250,2026-09-08,San Diego Padres,Washington Nationals,2026-09-09T01:41:00+00:00,2026-09-09T01:40:00+00:00,,2026-09-08T20:01:00.445342+00:00,1.5434782608695652,2.54,0.6220187393526406,,Pre-Game,0.6293342784808628,0.6278858850047349,,ef2053a719f69f29e168cd0e97a8f0826a3234cd9974cad4acb717f659bae20c,2026-09-07,,,,,,
mlb:823414,823414,2026-09-08,Philadelphia Phillies,Houston Astros,2026-09-08T22:41:00+00:00,2026-09-08T22:40:00+00:00,2026-09-08T22:40:52.762000+00:00,2026-09-08T17:00:54.913122+00:00,1.704225352112676,2.2,0.5634920634920635,,In Progress,0.57207485842948,0.5645756457564576,,25fe4d444164f893ab70142006e7f8faad6b96aad5198d273a86c3e0bf2fbba3,2026-09-07,1.7751937984496124,2.19,2026-09-08T22:38:02.393864+00:00,1.7352941176470589,2.16,2026-09-08T22:38:02.393864+00:00
mlb:823500,823500,2026-09-08,New York Yankees,Colorado Rockies,2026-09-08T23:06:00+00:00,2026-09-08T23:05:00+00:00,2026-09-08T23:08:31.993000+00:00,2026-09-08T18:00:51.714552+00:00,1.2985074626865671,3.7,0.7402209614810392,,In Progress,0.7475629957319118,0.741545743289531,,caa5dc5a9248bd826676554b71e87324a9c92a374a4ea7740681e0608431faf6,2026-09-07,1.3154574132492114,3.79,2026-09-08T23:03:02.721443+00:00,1.2777777777777777,3.9,2026-09-08T23:03:02.721443+00:00
mlb:823738,823738,2026-09-08,Milwaukee Brewers,Chicago Cubs,2026-09-08T23:41:00+00:00,2026-09-08T23:40:00+00:00,,2026-09-08T18:00:51.714552+00:00,1.4545454545454546,2.84,0.6613039796782388,,Pre-Game,0.6657839268853575,0.6589465237065603,,63670dfc63219e08deb7f4c877fece6b5af190849a5a1fefb0a788a1ec12b54b,2026-09-07,,,,,,
mlb:823821,823821,2026-09-08,Miami Marlins,New York Mets,2026-09-08T22:41:00+00:00,2026-09-08T22:40:00+00:00,2026-09-08T22:40:20.389000+00:00,2026-09-08T17:00:54.913122+00:00,1.7936507936507935,2.08,0.5369611539091953,,In Progress,0.5384081154129109,0.5286297680076463,,58d7aa283b333669a5051ae9565dcccba05f2e6f140046bb55dc22992aa823d4,2026-09-07,1.9433962264150944,1.9803921568627452,2026-09-08T22:38:02.393864+00:00,1.8928571428571428,1.9615384615384617,2026-09-08T22:38:02.393864+00:00
mlb:823901,823901,2026-09-08,Los Angeles Dodgers,Cincinnati Reds,2026-09-09T02:11:00+00:00,2026-09-09T02:10:00+00:00,,2026-09-08T21:00:53.590629+00:00,1.303030303030303,3.65,0.7369226063016213,,Pre-Game,0.7414428804378113,0.7338347656818994,,5a5c686d9174d21f167a632857d7dde9df7da80eef96ff79f19ce2b316ba1dab,2026-09-07,,,,,,
mlb:824063,824063,2026-09-08,Kansas City Royals,Arizona Diamondbacks,2026-09-08T23:40:00+00:00,2026-09-08T23:40:00+00:00,,2026-09-08T18:00:51.714552+00:00,2.02,1.8333333333333335,0.4757785467128028,,Pre-Game,0.478169563295675,0.48357894254348777,,806a77a73a723c5faff987f62929af04035fe9690ea169e715a5a9cdcd83988c,2026-09-07,,,,,,
mlb:824228,824228,2026-09-08,Detroit Tigers,Minnesota Twins,2026-09-08T22:41:00+00:00,2026-09-08T22:40:00+00:00,2026-09-08T22:40:20.384000+00:00,2026-09-08T17:00:54.913122+00:00,1.704225352112676,2.2,0.5634920634920635,,In Progress,0.5611402093302176,0.5523059177728685,,c06fded71d253d86b129e8f78ca573f9ce74a342d00b8d0247d7fdea364d37c5,2026-09-07,1.8,2.16,2026-09-08T22:38:02.393864+00:00,1.7692307692307692,2.1,2026-09-08T22:38:02.393864+00:00
mlb:824551,824551,2026-09-08,Chicago White Sox,Pittsburgh Pirates,2026-09-08T23:41:00+00:00,2026-09-08T23:40:00+00:00,,2026-09-08T18:00:51.714552+00:00,1.6849315068493151,2.24,0.5707105961189446,,Warmup,0.5711600868535723,0.5638051044083527,,2b391fbe3e4a7554ac4361393c17e36d4e16c1a372dee5dbaa63248c2ff809f5,2026-09-07,,,,,,
mlb:824714,824714,2026-09-08,Boston Red Sox,Los Angeles Angels,2026-09-08T22:46:00+00:00,2026-09-08T22:45:00+00:00,2026-09-08T22:45:44.243000+00:00,2026-09-08T17:00:54.913122+00:00,1.6944444444444444,2.2199999999999998,0.5671302866874822,,In Progress,0.5700232656304729,0.5700820261908188,,83af9c78f3bfdc018aaea134d9836446de18351d9c53add91d1fef6761eff2ad,2026-09-07,1.7194244604316546,2.2800000000000002,2026-09-08T22:43:02.923316+00:00,1.6944444444444444,2.2199999999999998,2026-09-08T22:43:02.923316+00:00
mlb:824792,824792,2026-09-08,Baltimore Orioles,Cleveland Guardians,2026-09-08T22:36:00+00:00,2026-09-08T22:35:00+00:00,2026-09-08T22:37:13.749000+00:00,2026-09-08T17:00:54.913122+00:00,1.819672131147541,2.04,0.5285423037716616,,In Progress,0.5279142340409536,0.5232153996969967,,6ea45f92ae37fd8b984682d96c69841f560bc17a1abf49fe6a3121c63aab2c6b,2026-09-07,1.8849557522123894,2.05,2026-09-08T22:33:02.475964+00:00,1.819672131147541,2.04,2026-09-08T22:33:02.475964+00:00
mlb:824875,824875,2026-09-08,Atlanta Braves,Tampa Bay Rays,2026-09-08T23:16:00+00:00,2026-09-08T23:15:00+00:00,2026-09-08T23:16:45.372000+00:00,2026-09-08T18:00:51.714552+00:00,1.8620689655172413,1.9803921568627452,0.515396797466127,,Warmup,0.5227911484377786,0.5151877211525205,,6c5d72b0c51f78858a340731965d6daad6914d3767867601407d136061b65325,2026-09-07,1.9090909090909092,2.02,2026-09-08T23:01:04.428984+00:00,1.8620689655172413,1.9803921568627452,2026-09-08T23:01:04.428984+00:00
mlb:824957,824957,2026-09-08,Athletics,Toronto Blue Jays,2026-09-09T01:41:00+00:00,2026-09-09T01:40:00+00:00,,2026-09-08T20:01:00.445342+00:00,2.52,1.5555555555555556,0.3816793893129771,,Pre-Game,0.38364383123740836,0.3767123287671233,,2167c1a5aa911e0b925148732a9ee1bc88b26dee315ad5012ea3e4c43136b5c2,2026-09-07,,,,,,
